{
    "version":1,
    "drill":[
                {
                    "question":"ある整数値を，負数を2の補数で表現する2進表記法で表すと最下位2ビットは”11”であった。<br>10進表記法の下で，その整数値を4で割ったときの余りに関する記述として，適切なものはどれか。<br>ここで，除算の商は，絶対値の小数点以下を切り捨てるものとする。",
                    "choices":["その整数値が正ならば3","その整数値が負ならば-3","その整数値が負ならば3","その整数値の正負にかかわらず0"],
                    "image":"",
                    "answer":0
                },
                {
                    "question":"図の線上を，点Pから点Rを通って，点Qに至る最短経路は何通りあるか。",
                    "choices":["16","24","32","60"],
                    "image":"<img src='drills/fe30-2.png'>",
                    "answer":3
                },
                {
                    "question":"AIにおけるディープラーニングの特徴はどれか。",
                    "choices":["”AならばBである”というルールを人間があらかじめ設定して、新しい知識を<br>論理式で表現したルールに基づく推論の結果として、解を求めるものである。","厳密な解でなくてもなるべく正解に近い解を得るようにする方法であり，<br>特定分野に特化せずに，広範囲で汎用的な問題解決ができるようにするものである。","人間の脳神経回路を模倣して，認識などの知能を実現する方法であり，<br>ニューラルネットワークを用いて，人間と同じような認識ができるようにするものである。","判断ルールを作成できる医療診断などの分野に限定されるが，症状から特定の<br>病気に絞り込むといった，確率的に高い判断ができる。"],
                    "image":"",
                    "answer":2
                },
                {
                    "question":"入力記号，出力記号の集合が{0，1}であり，状態遷移図で示されるオートマトンがある。<br>0011001110 を入力記号とした場合の出力記号はどれか。<br>ここで，S1は初期状態を表し，グラフの辺のラベルは，入力／出力を表している。",
                    "choices":["0001000110","0001001110","0010001000","0011111110"],
                    "image":"<img src='drills/fe30-4.png'>",
                    "answer":0
                },
                {
                    "question":"次の二つのスタック操作を定義する。<br>　PUSH n：スタックにデータ(整数値n)をプッシュする。<br>　POP：スタックからデータをポップする。<br>空のスタックに対して，次の順序でスタック操作を行った結果はどれか。<br>　PUSH 1 → PUSH 5 → POP → PUSH 7 → PUSH 6 → PUSH 4 → POP → POP → PUSH 3",
                    "choices":["<img src='drills/fe30-5a.png'>","<img src='drills/fe30-5i.png'>","<img src='drills/fe30-5u.png'>","<img src='drills/fe30-5e.png'>"],
                    "image":"",
                    "answer":2
                },
                {
                    "question":"RDBMSのロックの粒度に関する次の記述において，a，bの組合せとして適切なものはどれか。<br>並行に処理される2つのトランザクションがそれぞれ一つの表内の複数の行を更新する。<br>行単位のロックを使用する場合と表単位のロックを使用する場合とを比べると，<br>ロックの競合がより起こりやすいのは<span style='border:solid #000000;'>　　a　　</span>単位のロックを使用する場合である。<br>また，トランザクション実行中にロックを管理するためのRDBMSのメモリ使用領域が<br>より多く必要になるのは<span style='border:solid #000000;'>　　b　　</span>単位のロックを使用する場合である。",
                    "choices":["","","",""],
                    "image":"<img src='drills/fe30-30.png'>",
                    "answer":2
                }
            
            ]
}


